,axis-aligned,linear,quadratic,cubic
1,0.033308201708962704,0.013155979539739793,0.005688248237206706,0.005347634877768903
5,0.09359693828581298,0.10177313320702841,0.13753040985557585,0.10887577826181598
10,0.09359693828581298,0.1529204418844651,0.13753040985557585,0.10887577826181598
25,0.1319552499959219,0.1529204418844651,0.13753040985557585,0.1243558318089964
50,0.16976988035433238,0.1529204418844651,0.16001916456539667,0.1508627230120281
100,0.16976988035433238,0.1529204418844651,0.16001916456539667,0.1508627230120281
1000,0.16976988035433238,0.16001916456539667,0.19191724744468577,0.1986937268659152
